name,sname,sex
Aaliyah,83580,F
Aaron,575297,M
Abbey,17139,F
Abbie,21391,F
Abbigail,11465,F
Abby,57575,F
Abel,50123,M
Abigail,356404,F
Abraham,88644,M
Abram,16391,M
Ada,94492,F
Adalyn,17567,F
Adalynn,16516,F
Adam,549775,M
Adan,26225,M
Addie,43887,F
Addison,116177,F
Addison,12772,M
Addyson,14663,F
Adela,12456,F
Adelaide,26017,F
Adele,39602,F
Adelina,10842,F
Adeline,55176,F
Adelyn,14493,F
Aden,18942,M
Adolfo,15412,M
Adolph,18718,M
Adrian,15181,F
Adrian,231207,M
Adriana,87852,F
Adrianna,44397,F
Adrianne,13083,F
Adriel,11703,M
Adrienne,66713,F
Agnes,157760,F
Agustin,14515,M
Ahmad,16909,M
Ahmed,13826,M
Aida,12316,F
Aidan,108262,M
Aiden,195093,M
Aileen,34413,F
Aimee,53398,F
Ainsley,15167,F
Aisha,21266,F
Al,16966,M
Alaina,38843,F
Alan,346678,M
Alana,55409,F
Alanna,21378,F
Alayna,26328,F
Albert,487565,M
Alberta,70286,F
Alberto,59795,M
Alden,14735,M
Aldo,15668,M
Aleah,13009,F
Alec,52094,M
Alecia,11866,F
Alejandra,49645,F
Alejandro,131397,M
Alena,12946,F
Alessandra,18130,F
Alex,269934,M
Alexa,122767,F
Alexander,661068,M
Alexandra,231364,F
Alexandria,97449,F
Alexia,43171,F
Alexis,336623,F
Alexis,62928,M
Alexus,18435,F
Alfonso,39563,M
Alfred,241644,M
Alfreda,11375,F
Alfredo,54139,M
Ali,25827,M
Alice,560070,F
Alicia,224811,F
Alina,29591,F
Aline,14365,F
Alisa,33253,F
Alisha,55248,F
Alison,111302,F
Alissa,37427,F
Alivia,26497,F
Aliyah,37334,F
Allan,94199,M
Allen,266969,M
Allie,47582,F
Allison,295039,F
Allyson,50747,F
Alma,158897,F
Alondra,37670,F
Alonzo,41101,M
Alphonse,10203,M
Alphonso,15014,M
Alta,28687,F
Althea,16675,F
Alton,46544,M
Alva,11201,M
Alvaro,14915,M
Alvin,158490,M
Alvina,10335,F
Alyce,17168,F
Alyson,27907,F
Alyssa,304582,F
Amalia,12202,F
Amanda,784888,F
Amara,12261,F
Amari,13599,F
Amari,16612,M
Amaya,28389,F
Amber,369899,F
Amelia,179403,F
America,12552,F
Amie,21309,F
Amina,11326,F
Amir,29976,M
Amira,13036,F
Amiyah,11962,F
Amos,33149,M
Amy,690250,F
Ana,100329,F
Anahi,15033,F
Anastasia,42639,F
Anaya,11645,F
Anderson,25796,M
Andre,121653,M
Andrea,431157,F
Andres,82111,M
Andrew,1283910,M
Andy,88468,M
Angel,94837,F
Angel,226719,M
Angela,663696,F
Angelia,22186,F
Angelica,89270,F
Angelina,117573,F
Angeline,35460,F
Angelique,28137,F
Angelita,11519,F
Angelo,77381,M
Angie,62309,F
Anika,14067,F
Anissa,11856,F
Anita,213834,F
Aniya,15823,F
Aniyah,23909,F
Ann,468347,F
Anna,888505,F
Annabel,13633,F
Annabella,12684,F
Annabelle,57594,F
Annalise,11286,F
Annamarie,11445,F
Anne,321103,F
Annemarie,11855,F
Annette,167855,F
Annie,349367,F
Annika,17060,F
Annmarie,18411,F
Anthony,1432718,M
Antoine,26249,M
Antoinette,78230,F
Anton,22722,M
Antonia,32532,F
Antonio,245527,M
Antwan,11942,M
Anya,15696,F
April,238064,F
Arabella,16137,F
Araceli,17877,F
Archer,10317,M
Archie,50243,M
Ari,13461,M
Aria,43943,F
Ariana,96275,F
Arianna,88171,F
Ariel,67951,F
Ariel,17754,M
Arielle,24335,F
Arleen,12312,F
Arlene,142037,F
Arline,17550,F
Armand,15049,M
Armando,72124,M
Arnold,102969,M
Aron,18488,M
Arthur,527281,M
Arturo,53355,M
Arya,11117,F
Asa,16295,M
Ashanti,11597,F
Asher,49114,M
Ashlee,43173,F
Ashleigh,31599,F
Ashley,843819,F
Ashley,15634,M
Ashly,11064,F
Ashlyn,44799,F
Ashlynn,22814,F
Ashton,18613,F
Ashton,68078,M
Asia,31343,F
Aspen,14070,F
Athena,31186,F
Aubree,37276,F
Aubrey,106290,F
Aubrey,30045,M
Aubrie,12575,F
Audra,24599,F
Audrey,276851,F
August,43127,M
Augusta,16223,F
Augustine,12714,M
Augustus,16297,M
Aurelia,12888,F
Aurora,52266,F
Austin,407627,M
Autumn,120271,F
Ava,250761,F
Avery,117789,F
Avery,53519,M
Avis,17133,F
Axel,37330,M
Ayana,10328,F
Ayanna,14720,F
Ayden,69176,M
Ayla,18335,F
Aylin,10847,F
Bailee,13576,F
Bailey,96816,F
Bailey,20706,M
Barbara,1434060,F
Barney,16061,M
Barrett,18061,M
Barry,180213,M
Bart,16343,M
Basil,12581,M
Baylee,18900,F
Beatrice,190555,F
Beatriz,17429,F
Beau,34932,M
Beckett,13427,M
Becky,86577,F
Belinda,71880,F
Bella,57411,F
Belle,17074,F
Ben,82719,M
Benita,13567,F
Benito,13511,M
Benjamin,734953,M
Bennett,38199,M
Bennie,52288,M
Benny,46813,M
Bentley,40904,M
Bernadette,53486,F
Bernadine,21903,F
Bernard,198918,M
Bernardo,10057,M
Bernice,181754,F
Bert,33497,M
Bertha,207614,F
Bertie,13641,F
Beryl,10067,F
Bessie,170026,F
Beth,159084,F
Bethany,97134,F
Betsy,48294,F
Bette,34823,F
Bettie,38311,F
Betty,999474,F
Bettye,22920,F
Beulah,73102,F
Beverley,12983,F
Beverly,376914,F
Bianca,71970,F
Bill,160268,M
Billie,101352,F
Billie,31569,M
Billy,382386,M
Birdie,12184,F
Blaine,31239,M
Blair,14195,F
Blair,14470,M
Blake,172814,M
Blanca,24672,F
Blanche,87360,F
Bo,10214,M
Bob,92913,M
Bobbi,23619,F
Bobbie,88140,F
Bobbie,18378,M
Bobby,313213,M
Bonita,37732,F
Bonnie,323996,F
Booker,11114,M
Boyd,26937,M
Brad,82811,M
Braden,44029,M
Bradford,31701,M
Bradley,304142,M
Brady,87259,M
Braeden,13011,M
Branden,27013,M
Brandi,101494,F
Brandie,15773,F
Brandon,753641,M
Brandy,106136,F
Brantley,21705,M
Braxton,45443,M
Brayan,14160,M
Brayden,113732,M
Braydon,12973,M
Braylon,15097,M
Breana,11100,F
Breanna,81101,F
Breanne,10217,F
Brenda,606832,F
Brendan,89257,M
Brenden,24939,M
Brendon,19460,M
Brenna,28244,F
Brennan,31070,M
Brent,138685,M
Brenton,14273,M
Bret,29638,M
Brett,157370,M
Bria,14233,F
Brian,1163937,M
Briana,92797,F
Brianna,250339,F
Brianne,20146,F
Brice,15074,M
Bridget,89294,F
Bridgett,13004,F
Bridgette,23224,F
Brielle,30388,F
Britney,34488,F
Brittani,11724,F
Brittany,358160,F
Brittney,81831,F
Brock,40515,M
Brody,65972,M
Brook,10335,F
Brooke,188828,F
Brooklyn,97538,F
Brooklynn,30179,F
Brooks,25203,M
Bruce,382257,M
Bruno,15827,M
Bryan,379564,M
Bryanna,18645,F
Bryant,49575,M
Bryce,112164,M
Brycen,10700,M
Brynlee,10825,F
Brynn,22746,F
Bryon,14554,M
Bryson,58865,M
Buddy,22316,M
Buford,10843,M
Burton,22279,M
Byron,79872,M
Cade,26310,M
Caden,58892,M
Cadence,19317,F
Caiden,17544,M
Caitlin,111283,F
Caitlyn,51547,F
Caleb,276718,M
Cali,16178,F
Callie,56832,F
Calvin,200150,M
Camden,41958,M
Cameron,27251,F
Cameron,272461,M
Camila,62436,F
Camilla,21961,F
Camille,65769,F
Camron,13905,M
Camryn,25171,F
Candace,84461,F
Candice,67646,F
Candy,28217,F
Cara,51461,F
Carey,12696,F
Carey,16760,M
Cari,12543,F
Carina,15076,F
Carissa,27894,F
Carl,502692,M
Carla,148346,F
Carlee,11718,F
Carlene,15130,F
Carley,16128,F
Carlie,14116,F
Carlo,14406,M
Carlos,285969,M
Carlton,48456,M
Carly,63043,F
Carmela,23267,F
Carmella,19334,F
Carmelo,10243,M
Carmen,136865,F
Carmen,16595,M
Carmine,12695,M
Carol,816169,F
Carole,110631,F
Carolina,42241,F
Caroline,224389,F
Carolyn,554834,F
Carrie,265719,F
Carroll,35392,M
Carson,102482,M
Carter,149170,M
Cary,24265,M
Caryn,12177,F
Casandra,15657,F
Casey,76020,F
Casey,110165,M
Cash,17696,M
Cassandra,167254,F
Cassidy,55166,F
Cassie,45144,F
Catalina,18134,F
Catharine,12936,F
Catherine,658856,F
Cathleen,29837,F
Cathryn,16159,F
Cathy,170093,F
Catrina,10062,F
Cayden,31959,M
Cayla,10475,F
Cecelia,56057,F
Cecil,106079,M
Cecile,20243,F
Cecilia,95015,F
Cedric,40329,M
Celeste,56720,F
Celia,53933,F
Celina,14391,F
Celine,11002,F
Cesar,71520,M
Chad,239623,M
Chadwick,13010,M
Chana,10896,F
Chance,46461,M
Chandler,32964,M
Chandra,17256,F
Chanel,16794,F
Chantel,14800,F
Charity,34409,F
Charlee,11307,F
Charlene,132828,F
Charles,12405,F
Charles,2386048,M
Charley,23260,M
Charlie,23056,F
Charlie,167999,M
Charlotte,348876,F
Charmaine,15283,F
Chase,159248,M
Chasity,23902,F
Chaya,11853,F
Chelsea,159211,F
Chelsey,31148,F
Chelsie,13678,F
Cheri,36024,F
Cherie,29859,F
Cherry,11351,F
Cheryl,439193,F
Chester,120680,M
Cheyanne,14803,F
Cheyenne,67016,F
Chloe,203414,F
Chris,22904,F
Chris,144112,M
Christa,32606,F
Christen,11421,F
Christi,20866,F
Christian,19475,F
Christian,414880,M
Christiana,10146,F
Christie,45803,F
Christin,11124,F
Christina,475751,F
Christine,584566,F
Christopher,2022164,M
Christy,98180,F
Chrystal,15679,F
Chuck,17821,M
Ciara,33295,F
Ciera,11242,F
Cierra,27203,F
Cindy,256225,F
Clair,12038,M
Claire,182353,F
Clara,277227,F
Clare,29012,F
Clarence,302433,M
Clarice,25133,F
Clarissa,38283,F
Clark,44590,M
Claud,10893,M
Claude,91001,M
Claudette,18705,F
Claudia,126304,F
Claudine,11307,F
Clay,36642,M
Clayton,129638,M
Clement,13722,M
Cleo,30459,F
Cleo,11369,M
Cleveland,21812,M
Clifford,187099,M
Clifton,69470,M
Clint,31981,M
Clinton,96602,M
Clyde,142152,M
Cody,282756,M
Cohen,12643,M
Colby,50302,M
Cole,132744,M
Coleen,11984,F
Coleman,16173,M
Colette,22352,F
Colin,124181,M
Colleen,162168,F
Collin,75789,M
Colt,15782,M
Colten,13998,M
Colton,116491,M
Concetta,14103,F
Conner,51929,M
Connie,266326,F
Connor,204068,M
Conor,22588,M
Conrad,34656,M
Constance,138968,F
Consuelo,16814,F
Cooper,81043,M
Cora,131889,F
Corbin,34187,M
Cordelia,10958,F
Cordell,10176,M
Corey,181146,M
Cori,11274,F
Corina,15460,F
Corine,14511,F
Corinne,47754,F
Cornelia,21736,F
Cornelius,35670,M
Cornell,11111,M
Corrine,20501,F
Cortney,16897,F
Cory,125501,M
Courtney,257289,F
Courtney,22619,M
Coy,16389,M
Craig,298571,M
Cristal,15430,F
Cristian,61587,M
Cristina,51079,F
Cristopher,10768,M
Cruz,22188,M
Crystal,329879,F
Cullen,14138,M
Curt,16613,M
Curtis,257953,M
Cynthia,708760,F
Cyril,11675,M
Cyrus,20981,M
Dahlia,10744,F
Daisy,140152,F
Dakota,31877,F
Dakota,85135,M
Dale,21861,F
Dale,277074,M
Dalia,11982,F
Dallas,12165,F
Dallas,60464,M
Dalton,80388,M
Damaris,11607,F
Damian,82960,M
Damien,55576,M
Damion,16046,M
Damon,63250,M
Dan,105814,M
Dana,191498,F
Dana,53064,M
Dane,31344,M
Danette,10331,F
Danica,14995,F
Daniel,1907357,M
Daniela,58437,F
Daniella,28080,F
Danielle,366310,F
Danna,18664,F
Danny,282672,M
Dante,42856,M
Daphne,35059,F
Dara,12252,F
Darcy,21501,F
Daren,10573,M
Darian,15083,M
Darin,32239,M
Darius,50584,M
Darla,42043,F
Darlene,204022,F
Darnell,27871,M
Darrel,29571,M
Darrell,158659,M
Darren,101581,M
Darrin,29290,M
Darryl,91431,M
Darwin,24436,M
Daryl,62338,M
Dave,63847,M
David,12896,F
David,3611329,M
Davion,11462,M
Davis,28214,M
Davon,12461,M
Dawn,288888,F
Dawson,35384,M
Dayana,11277,F
Dayna,14204,F
Dayton,14080,M
Dean,173904,M
Deana,23334,F
Deandre,27351,M
Deangelo,11129,M
Deann,10169,F
Deanna,133616,F
Deanne,14834,F
Debbie,187649,F
Debora,29442,F
Deborah,740362,F
Debra,550339,F
Declan,31956,M
Dee,15832,F
Deena,13414,F
Deidra,10265,F
Deidre,14651,F
Deirdre,16721,F
Deja,15662,F
Delaney,35499,F
Delbert,46775,M
Delia,36115,F
Delilah,36919,F
Della,67500,F
Delmar,14072,M
Delores,117665,F
Deloris,34673,F
Delphine,10094,F
Demarcus,12779,M
Demetria,10726,F
Demetrius,33997,M
Dena,32210,F
Denice,10620,F
Denis,19911,M
Denise,371952,F
Dennis,617425,M
Denny,15194,M
Denver,14803,M
Denzel,10302,M
Deon,14056,M
Derek,229414,M
Derick,18678,M
Derrick,141841,M
Deshawn,14850,M
Desirae,12599,F
Desiree,81796,F
Desmond,32891,M
Dessie,11357,F
Destinee,16043,F
Destiny,145049,F
Devan,13121,M
Deven,10251,M
Devin,16864,F
Devin,150045,M
Devon,19900,F
Devon,70193,M
Devonte,10878,M
Dewayne,26028,M
Dewey,34147,M
Dexter,32735,M
Diamond,32490,F
Diana,357575,F
Diane,517994,F
Diann,12252,F
Dianna,55609,F
Dianne,95117,F
Dick,29270,M
Diego,103792,M
Dillon,62286,M
Dina,30578,F
Dinah,10162,F
Dion,17384,M
Dirk,10786,M
Dixie,42952,F
Dollie,19149,F
Dolly,19852,F
Dolores,210973,F
Domenic,10475,M
Domingo,13722,M
Dominic,162644,M
Dominick,62262,M
Dominique,50098,F
Dominique,22326,M
Don,166818,M
Dona,18841,F
Donald,1410998,M
Donna,830704,F
Donnell,14004,M
Donnie,60218,M
Donny,12649,M
Donovan,55545,M
Donte,14921,M
Dora,105268,F
Doreen,46265,F
Dorian,19904,M
Doris,461821,F
Dorothea,33843,F
Dorothy,1107096,F
Dorthy,20271,F
Doug,22466,M
Douglas,557332,M
Doyle,30307,M
Drake,32991,M
Drew,74069,M
Duane,114844,M
Dudley,11802,M
Dulce,17477,F
Duncan,19468,M
Dustin,204843,M
Dusty,10388,M
Dwayne,75410,M
Dwight,78035,M
Dylan,11878,F
Dylan,361125,M
Earl,288507,M
Earle,11503,M
Earlene,14165,F
Earline,16523,F
Earnest,58176,M
Earnestine,16072,F
Easton,45365,M
Ebony,38755,F
Ed,26165,M
Eddie,15695,F
Eddie,209368,M
Eddy,13159,M
Eden,32290,F
Edgar,151108,M
Edith,265922,F
Edmond,24334,M
Edmund,50723,M
Edna,294224,F
Eduardo,102542,M
Edward,1288725,M
Edwin,240252,M
Edwina,15419,F
Edythe,13817,F
Effie,43639,F
Efrain,17417,M
Eileen,186035,F
Elaina,22600,F
Elaine,257263,F
Elbert,33438,M
Eldon,25596,M
Eleanor,282686,F
Eleanore,17782,F
Elena,73997,F
Eli,115184,M
Eliana,35374,F
Elias,75489,M
Elijah,281374,M
Elinor,20370,F
Elisa,41999,F
Elisabeth,45708,F
Elise,64410,F
Elisha,13599,F
Elisha,13330,M
Elissa,16742,F
Eliza,51564,F
Elizabeth,1629679,F
Ella,296792,F
Elle,12996,F
Ellen,272937,F
Elliana,11659,F
Ellie,59206,F
Elliot,39792,M
Elliott,44210,M
Ellis,41306,M
Elma,21472,F
Elmer,128231,M
Elmo,10080,M
Elnora,21195,F
Eloise,50985,F
Elsa,28479,F
Elsie,177457,F
Elton,20716,M
Elva,31348,F
Elvin,20049,M
Elvira,26641,F
Elvis,16754,M
Elwood,20384,M
Elyse,18373,F
Emanuel,49466,M
Emely,18561,F
Emerson,18957,F
Emerson,23223,M
Emery,19367,F
Emery,17779,M
Emil,31808,M
Emilee,22420,F
Emilia,31873,F
Emiliano,21918,M
Emilie,25053,F
Emilio,38778,M
Emily,841491,F
Emma,654013,F
Emmanuel,73274,M
Emmett,52096,M
Emmitt,10417,M
Emory,16692,M
Enoch,10479,M
Enrique,56715,M
Enzo,10582,M
Eric,874738,M
Erica,229947,F
Erich,11534,M
Erick,70665,M
Ericka,23012,F
Erik,151746,M
Erika,123704,F
Erin,312491,F
Erma,54771,F
Ernest,300826,M
Ernestine,44007,F
Ernesto,42401,M
Ernie,16362,M
Ervin,38130,M
Erwin,20777,M
Esmeralda,44921,F
Esperanza,18838,F
Essie,39294,F
Esteban,30076,M
Estella,39040,F
Estelle,53217,F
Ester,15164,F
Esther,255082,F
Estrella,13550,F
Ethan,413193,M
Ethel,278697,F
Etta,41076,F
Eugene,378539,M
Eugenia,29503,F
Eula,47072,F
Eunice,79500,F
Eva,262740,F
Evan,262222,M
Evangeline,25503,F
Eve,24666,F
Evelyn,562951,F
Everett,103271,M
Everette,10275,M
Everly,12385,F
Evie,13151,F
Ezekiel,41020,M
Ezequiel,13477,M
Ezra,46250,M
Fabian,38519,M
Faith,133752,F
Fannie,84925,F
Farrah,10538,F
Fatima,31581,F
Fay,31745,F
Faye,68096,F
Felecia,10267,F
Felicia,90812,F
Felicity,12581,F
Felipe,29662,M
Felix,68447,M
Fern,36475,F
Fernanda,15319,F
Fernando,95368,M
Fidel,10657,M
Finley,12612,F
Finn,18517,M
Fiona,26004,F
Fletcher,13797,M
Flora,67922,F
Florence,335187,F
Florine,11254,F
Flossie,21794,F
Floyd,153783,M
Forest,15238,M
Forrest,47984,M
Foster,11354,M
Frances,589342,F
Francesca,28922,F
Francine,35838,F
Francis,29119,F
Francis,285183,M
Francisca,12152,F
Francisco,132843,M
Frank,910332,M
Frankie,33236,F
Frankie,40552,M
Franklin,135411,M
Fred,342878,M
Freda,42395,F
Freddie,10247,F
Freddie,72600,M
Freddy,25624,M
Frederic,14126,M
Frederick,260881,M
Fredrick,63578,M
Freeman,10722,M
Freida,10636,F
Frieda,25199,F
Gabriel,337623,M
Gabriela,78225,F
Gabriella,113146,F
Gabrielle,132971,F
Gael,21587,M
Gage,56667,M
Gail,201598,F
Gale,19888,F
Gale,12362,M
Galen,16139,M
Garland,23715,M
Garret,13039,M
Garrett,129759,M
Garry,47491,M
Gary,899959,M
Gavin,172037,M
Gay,17984,F
Gayla,10838,F
Gayle,61314,F
Gemma,13672,F
Gena,12792,F
Gene,126240,M
Genesis,63832,F
Geneva,87601,F
Genevieve,110758,F
Geoffrey,54012,M
George,1464186,M
Georgette,13188,F
Georgia,150934,F
Georgie,11955,F
Georgina,15369,F
Gerald,447212,M
Geraldine,210399,F
Gerard,57827,M
Gerardo,51151,M
Gerry,14385,M
Gertrude,176862,F
Gia,14421,F
Gianna,63658,F
Gideon,13806,M
Gilbert,128836,M
Gilberto,27574,M
Gilda,10029,F
Gillian,15604,F
Gina,152156,F
Ginger,45818,F
Gino,11866,M
Giovanna,11575,F
Giovanni,65917,M
Giselle,42817,F
Gladys,266240,F
Glen,125130,M
Glenda,109032,F
Glenn,247578,M
Glenna,25564,F
Gloria,411295,F
Goldie,35999,F
Gordon,153001,M
Grace,490185,F
Gracie,73227,F
Graciela,15432,F
Grady,46127,M
Graham,41904,M
Grant,122481,M
Grayson,71155,M
Greg,77552,M
Gregg,36454,M
Gregorio,10380,M
Gregory,706753,M
Greta,24881,F
Gretchen,53316,F
Greyson,30075,M
Griffin,38126,M
Grover,26910,M
Guadalupe,64857,F
Guadalupe,24766,M
Guillermo,29698,M
Gunnar,13955,M
Gunner,16197,M
Gus,18694,M
Gussie,13083,F
Gustavo,36830,M
Guy,89600,M
Gwen,29877,F
Gwendolyn,117785,F
Hadley,26708,F
Hailee,14707,F
Hailey,156942,F
Hal,16544,M
Haleigh,13704,F
Haley,155199,F
Halle,13447,F
Hallie,29932,F
Hank,11428,M
Hanna,37401,F
Hannah,427766,F
Hans,14627,M
Harlan,23435,M
Harley,22893,F
Harley,38610,M
Harmony,24549,F
Harold,549571,M
Harper,70237,F
Harriet,88443,F
Harriett,21528,F
Harris,14982,M
Harrison,73822,M
Harry,420908,M
Harvey,120267,M
Hattie,99138,F
Haven,12956,F
Hayden,25552,F
Hayden,96185,M
Haylee,27931,F
Hayley,48647,F
Hazel,255422,F
Heath,27599,M
Heather,524517,F
Heaven,24898,F
Hector,101525,M
Heidi,142416,F
Helen,1018290,F
Helena,34876,F
Helene,33058,F
Henrietta,50731,F
Henry,679050,M
Herbert,227758,M
Herman,135487,M
Herschel,10437,M
Hester,14209,F
Hilary,23917,F
Hilda,80605,F
Hillary,28540,F
Hiram,13644,M
Holden,21379,M
Hollie,17893,F
Hollis,14374,M
Holly,199855,F
Homer,60667,M
Hope,87593,F
Horace,54000,M
Houston,15080,M
Howard,344897,M
Hubert,57323,M
Hudson,54182,M
Hugh,81250,M
Hugo,31444,M
Humberto,16145,M
Hunter,11722,F
Hunter,229068,M
Ian,222202,M
Ibrahim,11543,M
Ida,186189,F
Ignacio,17972,M
Iker,11806,M
Ila,22218,F
Ilene,17688,F
Iliana,10764,F
Imani,23051,F
Imogene,27396,F
Ina,33662,F
India,22127,F
Inez,67428,F
Ingrid,25805,F
Iona,11728,F
Ira,53249,M
Irene,351710,F
Iris,79651,F
Irma,73279,F
Irvin,39196,M
Irving,43539,M
Irwin,15821,M
Isaac,274356,M
Isabel,117059,F
Isabell,14394,F
Isabella,320723,F
Isabelle,90340,F
Isaiah,207627,M
Isaias,13427,M
Isiah,23562,M
Isis,10941,F
Isla,18582,F
Ismael,35227,M
Israel,59512,M
Issac,21494,M
Itzel,15978,F
Iva,37508,F
Ivan,130339,M
Ivette,10502,F
Ivy,47086,F
Izabella,24450,F
Izaiah,10752,M
Jace,62535,M
Jack,685056,M
Jackie,90604,F
Jackie,78405,M
Jacklyn,16361,F
Jackson,228925,M
Jaclyn,48830,F
Jacob,919481,M
Jacqueline,420651,F
Jacquelyn,84327,F
Jada,63936,F
Jade,80796,F
Jaden,13322,F
Jaden,72655,M
Jadyn,11482,F
Jaelyn,12482,F
Jaiden,27459,M
Jaime,49673,F
Jaime,67582,M
Jake,121670,M
Jakob,29996,M
Jalen,36018,M
Jamal,31384,M
Jamar,15051,M
Jamari,11137,M
Jamel,10676,M
James,23356,F
James,5150472,M
Jameson,30948,M
Jami,21389,F
Jamie,267599,F
Jamie,85299,M
Jamison,16644,M
Jan,54508,F
Jan,21852,M
Jana,44442,F
Janae,16668,F
Jane,370390,F
Janel,11866,F
Janell,15497,F
Janelle,53344,F
Janessa,13171,F
Janet,555931,F
Janette,31898,F
Janice,405595,F
Janie,74491,F
Janine,33289,F
Janis,48735,F
Janiya,10009,F
Janiyah,10678,F
Janna,15465,F
Jannie,14784,F
Jaqueline,14906,F
Jared,199382,M
Jarod,11677,M
Jaron,10700,M
Jarred,13104,M
Jarrett,22182,M
Jarrod,25042,M
Jarvis,16998,M
Jase,19262,M
Jasmin,43638,F
Jasmine,244207,F
Jason,1028809,M
Jasper,40094,M
Javier,96273,M
Javon,16206,M
Jax,14300,M
Jaxon,70944,M
Jaxson,40923,M
Jay,188764,M
Jayce,26155,M
Jayda,18267,F
Jayden,20894,F
Jayden,200865,M
Jayla,38450,F
Jaylen,32507,M
Jayme,13836,F
Jayne,28565,F
Jayson,31811,M
Jazlyn,12689,F
Jazmin,40799,F
Jazmine,35597,F
Jean,457788,F
Jean,23858,M
Jeanette,162879,F
Jeanie,17025,F
Jeanine,23690,F
Jeanne,162932,F
Jeannette,69065,F
Jeannie,35939,F
Jeannine,24009,F
Jeff,119886,M
Jefferson,21685,M
Jeffery,229023,M
Jeffrey,973741,M
Jeffry,15232,M
Jena,13006,F
Jenifer,25404,F
Jenna,144246,F
Jennie,126603,F
Jennifer,1466281,F
Jenny,90717,F
Jerald,25949,M
Jeremiah,190478,M
Jeremy,434246,M
Jeri,22542,F
Jermaine,40642,M
Jerome,159651,M
Jerri,15431,F
Jerry,17311,F
Jerry,612189,M
Jess,24875,M
Jesse,11937,F
Jesse,416530,M
Jessica,1044939,F
Jessie,167010,F
Jessie,110027,M
Jesus,225716,M
Jett,13475,M
Jewel,39722,F
Jewell,29281,F
Jill,207900,F
Jillian,81095,F
Jim,152834,M
Jimena,12049,F
Jimmie,22962,F
Jimmie,111870,M
Jimmy,286014,M
Jo,178767,F
Joan,479918,F
Joann,156365,F
Joanna,102803,F
Joanne,211303,F
Joaquin,27481,M
Jocelyn,104157,F
Jodi,79344,F
Jodie,27119,F
Jody,55691,F
Jody,31206,M
Joe,11319,F
Joe,450780,M
Joel,264868,M
Joelle,13352,F
Joesph,15512,M
Joey,51548,M
Johan,10696,M
Johanna,50900,F
John,21676,F
John,5115466,M
Johnathan,92661,M
Johnathon,24810,M
Johnie,20869,M
Johnnie,48910,F
Johnnie,101469,M
Johnny,311565,M
Jolene,31370,F
Jolie,11307,F
Jon,165892,M
Jonah,62836,M
Jonas,23784,M
Jonathan,833875,M
Jonathon,64476,M
Joni,28138,F
Jordan,130158,F
Jordan,369745,M
Jordon,13371,M
Jordyn,51447,F
Jorge,129488,M
Jose,560679,M
Josefina,13243,F
Joselyn,16548,F
Joseph,10638,F
Joseph,2603445,M
Josephine,304208,F
Josh,16494,M
Joshua,1202454,M
Josiah,100494,M
Josie,56898,F
Joslyn,10044,F
Josue,47814,M
Journey,12171,F
Joy,134424,F
Joyce,507211,F
Juan,344846,M
Juana,17441,F
Juanita,207107,F
Judah,18812,M
Jude,34657,M
Judi,10269,F
Judith,452151,F
Judson,11806,M
Judy,381936,F
Julia,455999,F
Julian,203284,M
Juliana,56159,F
Julianna,43840,F
Julianne,29510,F
Julie,507819,F
Julien,10331,M
Juliet,28860,F
Juliette,26226,F
Julio,59708,M
Julissa,23392,F
Julius,77296,M
June,192047,F
Junior,40299,M
Justice,15782,F
Justice,17080,M
Justin,773093,M
Justina,11871,F
Justine,37780,F
Kacey,10417,F
Kacie,11953,F
Kade,15977,M
Kaden,58894,M
Kadence,10008,F
Kaelyn,14086,F
Kai,36000,M
Kaia,10169,F
Kaiden,34385,M
Kaila,13635,F
Kailee,11669,F
Kailey,25045,F
Kailyn,12756,F
Kaitlin,57014,F
Kaitlyn,162235,F
Kaitlynn,15837,F
Kaleb,74804,M
Kaleigh,15405,F
Kaley,13006,F
Kali,23352,F
Kallie,10099,F
Kameron,31538,M
Kamila,10344,F
Kamryn,19858,F
Kane,12346,M
Kara,98671,F
Kareem,14976,M
Karen,985655,F
Kari,58680,F
Karin,28402,F
Karina,57967,F
Karissa,19412,F
Karl,99892,M
Karla,88274,F
Karlee,12025,F
Karli,10271,F
Karlie,10175,F
Karly,10198,F
Karson,12816,M
Karter,14465,M
Karyn,14093,F
Kasey,32149,F
Kasey,11570,M
Kassandra,31819,F
Kassidy,18315,F
Kate,79820,F
Katelyn,130865,F
Katelynn,29749,F
Katharine,40899,F
Katherine,635010,F
Katheryn,14838,F
Kathi,10108,F
Kathie,15071,F
Kathleen,711605,F
Kathrine,15628,F
Kathryn,451229,F
Kathy,333534,F
Katie,236162,F
Katina,11243,F
Katlyn,18289,F
Katrina,100464,F
Katy,20252,F
Kay,98249,F
Kayden,46061,M
Kaydence,14795,F
Kaye,13102,F
Kayla,336512,F
Kaylee,124350,F
Kayleigh,29907,F
Kaylie,20121,F
Kaylin,17696,F
Kaylyn,11374,F
Kaylynn,10741,F
Keaton,19145,M
Keegan,33729,M
Keely,12101,F
Keenan,16607,M
Keira,28661,F
Keisha,21871,F
Keith,434474,M
Kellen,14849,M
Kelley,45933,F
Kelli,74675,F
Kellie,50558,F
Kelly,471024,F
Kelly,81550,M
Kelsey,146244,F
Kelsie,18660,F
Kelvin,49540,M
Ken,32640,M
Kendall,58026,F
Kendall,33821,M
Kendra,94720,F
Kendrick,28133,M
Kenna,10288,F
Kennedi,11170,F
Kennedy,67161,F
Kenneth,1272659,M
Kennith,10474,M
Kenny,50505,M
Kent,68360,M
Kenton,10473,M
Kenya,24083,F
Kenzie,16189,F
Keri,31940,F
Kermit,16422,M
Kerri,36902,F
Kerry,48534,F
Kerry,49596,M
Kevin,1166731,M
Khalil,16963,M
Khloe,36733,F
Kiana,23908,F
Kiara,47782,F
Kiera,19738,F
Kieran,12500,M
Kierra,15235,F
Kiersten,14382,F
Kiley,18461,F
Kim,179492,F
Kim,34873,M
Kimberlee,17454,F
Kimberley,37850,F
Kimberly,835149,F
King,23617,M
Kingston,23728,M
Kinley,14867,F
Kinsley,22375,F
Kira,34519,F
Kirby,14167,M
Kirk,67583,M
Kirsten,52676,F
Kitty,11620,F
Knox,10349,M
Kobe,15894,M
Kody,21953,M
Kolby,10345,M
Kolton,12248,M
Korey,10889,M
Kori,11974,F
Kory,13990,M
Kourtney,13394,F
Kris,13490,F
Kris,13982,M
Krista,73286,F
Kristal,11930,F
Kristen,217598,F
Kristi,76375,F
Kristian,18824,M
Kristie,38289,F
Kristin,178972,F
Kristina,135415,F
Kristine,83908,F
Kristopher,61294,M
Kristy,70271,F
Krystal,74191,F
Krystle,12938,F
Kurt,85252,M
Kurtis,17749,M
Kyla,38854,F
Kyle,477768,M
Kylee,46544,F
Kyleigh,17900,F
Kyler,29097,M
Kylie,107229,F
Kyra,34792,F
Lacey,50666,F
Lacie,10217,F
Lacy,19619,F
Ladonna,21204,F
Laila,34166,F
Lakeisha,12798,F
Lakisha,12307,F
Lamar,32705,M
Lamont,23454,M
Lana,51023,F
Lance,103250,M
Landen,23485,M
Landon,151787,M
Lane,36798,M
Laney,10613,F
Lara,26960,F
Larissa,22398,F
Larry,805366,M
Latasha,30192,F
Latisha,18354,F
Latonya,21740,F
Latoya,45474,F
Laura,794653,F
Laurel,43780,F
Lauren,466475,F
Laurence,39179,M
Lauri,11039,F
Laurie,166073,F
Lauryn,19667,F
Laverne,42868,F
Laverne,13195,M
Lavonne,16429,F
Lawanda,12087,F
Lawrence,456773,M
Lawson,11864,M
Layla,80841,F
Layne,11147,M
Lea,30930,F
Leah,221422,F
Leann,23992,F
Leanna,23514,F
Leanne,28987,F
Lee,62115,F
Lee,230776,M
Leeann,14011,F
Leigh,39888,F
Leila,44936,F
Leilani,30224,F
Lela,42167,F
Leland,52767,M
Lelia,15409,F
Lena,137094,F
Lenora,34574,F
Lenore,22377,F
Leo,198092,M
Leola,27943,F
Leon,165006,M
Leona,108318,F
Leonard,290996,M
Leonardo,62986,M
Leonel,19230,M
Leora,11127,F
Leota,10410,F
Leroy,198829,M
Lesa,11400,F
Lesley,33945,F
Leslie,266474,F
Leslie,112689,M
Lesly,13897,F
Lessie,14065,F
Lester,129806,M
Leta,11836,F
Letha,19126,F
Leticia,41991,F
Letitia,11383,F
Levi,139693,M
Lewis,150748,M
Lexi,22265,F
Lexie,14656,F
Lia,18049,F
Liam,192669,M
Liana,15005,F
Libby,16159,F
Liberty,12183,F
Lidia,10292,F
Lila,65119,F
Lilah,13523,F
Lilia,12249,F
Lilian,16402,F
Liliana,52678,F
Lillian,439193,F
Lilliana,15797,F
Lillie,155610,F
Lilly,55636,F
Lily,142335,F
Lina,15768,F
Lincoln,56393,M
Linda,1452249,F
Lindsay,129374,F
Lindsey,155788,F
Linwood,12703,M
Lionel,30128,M
Lisa,964973,F
Liza,16641,F
Lizbeth,24208,F
Lizette,11784,F
Lizzie,38784,F
Lloyd,160149,M
Logan,24424,F
Logan,320461,M
Lois,331960,F
Lola,87036,F
Lona,10784,F
London,34486,F
Londyn,16453,F
Lonnie,93727,M
Lora,51808,F
Loraine,17123,F
Lorelei,12801,F
Loren,12197,F
Loren,46017,M
Lorena,43501,F
Lorene,39205,F
Lorenzo,63783,M
Loretta,174841,F
Lori,340797,F
Lorie,21878,F
Lorna,28166,F
Lorraine,208530,F
Lorrie,17277,F
Lottie,46106,F
Lou,33665,F
Louella,13070,F
Louie,27966,M
Louis,394969,M
Louisa,18828,F
Louise,332672,F
Lourdes,14214,F
Lowell,41023,M
Loyd,22389,M
Luann,15423,F
Luca,25282,M
Lucas,239865,M
Lucia,41721,F
Lucian,10305,M
Luciano,11123,M
Lucile,34636,F
Lucille,223288,F
Lucinda,37417,F
Lucretia,10414,F
Lucy,198222,F
Luella,30258,F
Luis,270083,M
Luisa,12152,F
Lukas,31774,M
Luke,261584,M
Lula,84342,F
Lulu,12240,F
Luna,26720,F
Lupe,18576,F
Luther,66022,M
Luz,25494,F
Lydia,163869,F
Lyla,28294,F
Lyle,57471,M
Lynda,77756,F
Lyndsey,14207,F
Lynette,42849,F
Lynn,181834,F
Lynn,52250,M
Lynne,61883,F
Lynnette,15085,F
Lyric,15212,F
Mabel,134217,F
Mable,52819,F
Macey,10396,F
Maci,16699,F
Macie,18481,F
Mack,38194,M
Mackenzie,124528,F
Macy,29067,F
Madalyn,20717,F
Maddison,18653,F
Maddox,29914,M
Madeleine,39514,F
Madeline,184547,F
Madelyn,87611,F
Madelynn,13851,F
Madge,13430,F
Madilyn,16415,F
Madison,373651,F
Madisyn,14868,F
Madyson,12413,F
Mae,110174,F
Maeve,11423,F
Magdalena,17449,F
Maggie,114412,F
Maia,12815,F
Major,15896,M
Makayla,100860,F
Makenna,27743,F
Makenzie,39293,F
Malachi,45979,M
Malcolm,61253,M
Malia,22494,F
Malik,43052,M
Malinda,20837,F
Maliyah,10437,F
Mallory,53940,F
Mamie,77738,F
Mandy,42106,F
Manuel,183203,M
Manuela,10386,F
Mara,20109,F
Maranda,11371,F
Marc,138964,M
Marcel,17259,M
Marcella,63671,F
Marci,13821,F
Marcia,133004,F
Marcie,15339,F
Marco,69756,M
Marcos,48487,M
Marcus,229002,M
Marcy,21499,F
Margaret,1246649,F
Margarita,39357,F
Margery,15759,F
Margie,105840,F
Margo,23657,F
Margot,12547,F
Marguerite,93406,F
Mari,15528,F
Maria,543324,F
Mariah,107129,F
Mariam,14208,F
Marian,140349,F
Mariana,36053,F
Marianna,15816,F
Marianne,64774,F
Maribel,23868,F
Maricela,12638,F
Marie,536143,F
Mariela,10409,F
Marietta,14781,F
Marilyn,370302,F
Marilynn,12897,F
Marina,35894,F
Mario,144018,M
Marion,188255,F
Marion,71994,M
Marisa,48316,F
Marisela,10017,F
Marisol,32389,F
Marissa,119190,F
Maritza,22370,F
Marjorie,272235,F
Mark,1349865,M
Markus,13588,M
Marla,38151,F
Marlee,12403,F
Marlena,10812,F
Marlene,129278,F
Marley,23193,F
Marlin,20524,M
Marlon,29134,M
Marquis,23308,M
Marquita,11010,F
Marsha,104049,F
Marshall,90413,M
Marta,16929,F
Martha,548387,F
Martin,306299,M
Martina,17183,F
Marty,31807,M
Marva,10348,F
Marvin,250531,M
Mary,4123200,F
Mary,15160,M
Maryann,62108,F
Maryanne,13569,F
Marybeth,10112,F
Maryellen,12962,F
Maryjane,12750,F
Marylou,12927,F
Mason,270859,M
Mateo,47071,M
Mathew,74971,M
Matilda,31527,F
Matt,23588,M
Matteo,15006,M
Matthew,1590440,M
Mattie,131032,F
Maud,13136,F
Maude,45512,F
Maudie,11772,F
Maura,19022,F
Maureen,143985,F
Maurice,134120,M
Mauricio,20812,M
Maverick,20417,M
Mavis,19672,F
Max,148090,M
Maximilian,14528,M
Maximiliano,13959,M
Maximus,23817,M
Maxine,111884,F
Maxwell,90110,M
May,48226,F
Maya,91608,F
Mayme,10884,F
Maynard,14807,M
Mayra,32178,F
Mckayla,12397,F
Mckenna,36093,F
Mckenzie,56990,F
Meagan,41410,F
Meaghan,13999,F
Megan,436520,F
Meghan,94449,F
Mekhi,10125,M
Melanie,243792,F
Melany,13110,F
Melba,34840,F
Melina,16236,F
Melinda,135031,F
Melisa,18662,F
Melissa,753166,F
Melody,94185,F
Melva,14149,F
Melvin,242402,M
Mercedes,44709,F
Meredith,73190,F
Merle,14716,F
Merle,30430,M
Merlin,14554,M
Merrill,12919,M
Merry,10247,F
Mervin,11855,M
Messiah,11364,M
Mia,216490,F
Micaela,13185,F
Micah,11880,F
Micah,89475,M
Michael,21712,F
Michael,4350824,M
Michaela,49869,F
Micheal,153395,M
Michel,10327,M
Michele,223047,F
Michelle,809254,F
Mickey,26854,M
Miguel,174565,M
Mikaela,17887,F
Mikayla,52625,F
Mike,204377,M
Mikel,10651,M
Mila,33243,F
Milan,10218,M
Mildred,450608,F
Miles,78005,M
Miley,11361,F
Millard,16707,M
Millicent,10891,F
Millie,29225,F
Milo,21407,M
Milton,116796,M
Mina,15419,F
Mindy,41888,F
Minerva,15162,F
Minnie,158775,F
Miracle,15322,F
Miranda,110312,F
Miriam,108083,F
Misty,84392,F
Mitchel,13156,M
Mitchell,161535,M
Mitzi,13062,F
Mohamed,14827,M
Mohammad,13369,M
Mohammed,12776,M
Moises,26788,M
Mollie,46452,F
Molly,163300,F
Mona,45031,F
Monica,247888,F
Monique,78364,F
Monroe,15960,M
Monte,22153,M
Monty,14776,M
Morgan,212458,F
Morgan,41983,M
Moriah,11743,F
Morris,70233,M
Morton,12310,M
Moses,38556,M
Moshe,13033,M
Muhammad,12526,M
Muriel,54666,F
Murray,21518,M
Mya,53295,F
Myla,11110,F
Myles,39715,M
Myra,59728,F
Myrna,31603,F
Myron,44551,M
Myrtle,136448,F
Nadia,41163,F
Nadine,52237,F
Nan,10267,F
Nancy,1002010,F
Nanette,16840,F
Nannie,25560,F
Naomi,156811,F
Nash,10910,M
Nasir,11356,M
Natalia,63143,F
Natalie,347341,F
Nataly,13170,F
Natasha,95321,F
Nathalie,18707,F
Nathan,542579,M
Nathanael,19310,M
Nathanial,10329,M
Nathaniel,264331,M
Nayeli,17597,F
Neal,54236,M
Ned,17202,M
Nehemiah,15607,M
Neil,102123,M
Nelda,20096,F
Nell,26724,F
Nellie,149328,F
Nelson,76886,M
Nettie,49290,F
Neva,20704,F
Nevaeh,76226,F
Nia,21172,F
Nicholas,895397,M
Nichole,63311,F
Nick,49379,M
Nickolas,38001,M
Nico,10400,M
Nicolas,85430,M
Nicole,585774,F
Nicolette,16156,F
Nigel,11588,M
Nikita,10435,F
Nikki,39616,F
Nikolas,20499,M
Nina,125876,F
Nita,14187,F
Noah,375210,M
Noe,20770,M
Noel,13891,F
Noel,46207,M
Noelle,32986,F
Noemi,19666,F
Nola,22695,F
Nolan,94052,M
Nona,16547,F
Nora,144716,F
Norah,20658,F
Norbert,20296,M
Noreen,19894,F
Norma,277369,F
Norman,251806,M
Norris,16291,M
Nova,15692,F
Nyla,17574,F
Octavia,15781,F
Octavio,10373,M
Odell,14664,M
Odessa,17519,F
Ola,29541,F
Olga,61429,F
Olive,54231,F
Oliver,152922,M
Olivia,434319,F
Ollie,40921,F
Ollie,16119,M
Omar,95198,M
Opal,69097,F
Ophelia,17549,F
Ora,38952,F
Orion,14822,M
Orlando,46880,M
Orville,34956,M
Oscar,198838,M
Osvaldo,13464,M
Otis,57890,M
Otto,31946,M
Owen,177951,M
Pablo,44036,M
Paige,138042,F
Paisley,33078,F
Pam,33125,F
Pamela,594174,F
Pansy,10946,F
Paola,22457,F
Paris,27850,F
Parker,14784,F
Parker,100483,M
Pat,40123,F
Pat,26731,M
Patience,10748,F
Patrice,34004,F
Patricia,1571692,F
Patrick,672425,M
Patsy,119297,F
Patti,44695,F
Patty,62434,F
Paul,1386815,M
Paula,278003,F
Paulette,46036,F
Paulina,17394,F
Pauline,225940,F
Paxton,17457,M
Payton,51005,F
Payton,23477,M
Pearl,156060,F
Pearlie,18121,F
Pedro,88001,M
Peggy,292585,F
Penelope,59132,F
Penny,97503,F
Percy,31399,M
Perla,19105,F
Perry,74856,M
Pete,43104,M
Peter,574930,M
Petra,13312,F
Peyton,69256,F
Peyton,47682,M
Phil,19953,M
Philip,338871,M
Phillip,307300,M
Phoebe,32513,F
Phoenix,13800,M
Phyllis,322369,F
Pierce,15685,M
Pierre,17631,M
Piper,42180,F
Polly,29139,F
Porter,15834,M
Portia,10491,F
Precious,18757,F
Presley,20441,F
Preston,111253,M
Prince,15960,M
Princess,13569,F
Priscilla,118824,F
Queen,14579,F
Quentin,40063,M
Quincy,24349,M
Quinn,28283,F
Quinn,31230,M
Quintin,14472,M
Quinton,28832,M
Rachael,81977,F
Racheal,10463,F
Rachel,562969,F
Rachelle,33523,F
Rae,21797,F
Raegan,17254,F
Raelynn,14234,F
Rafael,77331,M
Ralph,412417,M
Ramiro,24399,M
Ramon,74895,M
Ramona,68061,F
Randal,29004,M
Randall,197273,M
Randi,29221,F
Randolph,49226,M
Randy,327285,M
Raphael,19155,M
Raquel,48506,F
Rashad,15122,M
Raul,84012,M
Raven,38644,F
Ray,202082,M
Raymond,771843,M
Rayna,10222,F
Reagan,49254,F
Reba,35263,F
Rebeca,12797,F
Rebecca,746921,F
Rebekah,73078,F
Reece,17444,M
Reed,29993,M
Reese,30759,F
Reese,16392,M
Regan,15406,F
Reggie,11636,M
Regina,177724,F
Reginald,109881,M
Reid,31842,M
Reina,10159,F
Remington,12590,M
Rena,38476,F
Renae,13780,F
Rene,21708,F
Rene,49152,M
Renee,183979,F
Retha,10592,F
Reuben,29906,M
Reva,15501,F
Rex,57486,M
Reyna,14546,F
Reynaldo,19615,M
Rhea,15989,F
Rhett,18285,M
Rhiannon,13946,F
Rhoda,25627,F
Rhonda,207935,F
Ricardo,138851,M
Richard,2563082,M
Rick,81463,M
Rickey,61253,M
Rickie,16224,M
Ricky,220475,M
Rigoberto,10814,M
Riley,100881,F
Riley,92789,M
Rita,283037,F
River,15944,M
Robbie,22264,F
Robbie,20863,M
Robby,10378,M
Robert,20100,F
Robert,4814815,M
Roberta,171076,F
Roberto,107768,M
Robin,289395,F
Robin,44616,M
Robyn,61766,F
Rocco,26821,M
Rochelle,46711,F
Rocio,12782,F
Rocky,26175,M
Roderick,46352,M
Rodger,21430,M
Rodney,245286,M
Rodolfo,32635,M
Rodrigo,23214,M
Rogelio,24212,M
Roger,439209,M
Roland,97114,M
Rolando,23136,M
Roman,64933,M
Romeo,18626,M
Ron,36087,M
Ronald,1078011,M
Ronan,10386,M
Ronda,34307,F
Ronnie,181145,M
Ronny,14200,M
Roosevelt,37388,M
Rory,25834,M
Rosa,173641,F
Rosalee,10530,F
Rosalie,71171,F
Rosalind,25840,F
Rosalinda,14865,F
Rosalyn,20906,F
Rosanna,14057,F
Rosanne,14666,F
Rosario,10378,F
Roscoe,21566,M
Rose,481286,F
Roseann,15760,F
Rosella,15440,F
Roselyn,11758,F
Rosemarie,50479,F
Rosemary,155925,F
Rosetta,27798,F
Rosie,79516,F
Roslyn,17307,F
Ross,80743,M
Rowan,12087,F
Rowan,19554,M
Rowena,10227,F
Roxana,11220,F
Roxanna,12937,F
Roxanne,58016,F
Roxie,18067,F
Roy,404333,M
Royal,14104,M
Royce,27355,M
Ruben,111190,M
Ruby,348077,F
Rudolph,53188,M
Rudy,47820,M
Rufus,35856,M
Russel,16408,M
Russell,352885,M
Rusty,17509,M
Ruth,823577,F
Ruthie,20672,F
Ryan,22910,F
Ryan,924877,M
Ryder,41773,M
Ryker,21914,M
Rylan,26925,M
Rylee,48549,F
Ryleigh,22960,F
Rylie,17142,F
Sabrina,136045,F
Sadie,121871,F
Sage,17338,F
Sallie,49776,F
Sally,203683,F
Salvador,46605,M
Salvatore,55319,M
Sam,123800,M
Samantha,570659,F
Samara,14545,F
Sammie,20673,M
Sammy,42511,M
Samuel,749990,M
Sandi,10068,F
Sandra,873512,F
Sandy,68537,F
Sandy,10378,M
Sanford,14926,M
Santiago,56898,M
Santos,16637,M
Sara,422998,F
Sarah,1073895,F
Sarai,17166,F
Sasha,34621,F
Saul,39044,M
Saundra,17849,F
Savanna,29788,F
Savannah,164852,F
Sawyer,40425,M
Scarlet,12116,F
Scarlett,58977,F
Scot,13686,M
Scott,771059,M
Scottie,10504,M
Scotty,18534,M
Sean,416478,M
Sebastian,144361,M
Selena,49423,F
Selina,17766,F
Selma,26308,F
Serena,40835,F
Serenity,53760,F
Sergio,75158,M
Seth,160481,M
Seymour,13070,M
Shaina,11452,F
Shana,29420,F
Shane,187729,M
Shania,15055,F
Shanna,28197,F
Shannon,294878,F
Shannon,51926,M
Shantel,10162,F
Shari,40859,F
Sharlene,12077,F
Sharon,721410,F
Sharron,16849,F
Shaun,69304,M
Shauna,27956,F
Shawn,32960,F
Shawn,301891,M
Shawna,45359,F
Shayla,29641,F
Shayna,15632,F
Shayne,10438,M
Shea,10814,F
Sheena,22258,F
Sheila,237922,F
Shelby,144394,F
Shelby,16120,M
Sheldon,36029,M
Shelia,47738,F
Shelley,72494,F
Shelly,84203,F
Shelton,11763,M
Sheree,13546,F
Sheri,60400,F
Sherman,38959,M
Sherri,83578,F
Sherrie,35106,F
Sherry,229669,F
Sheryl,78677,F
Shirley,685222,F
Sidney,23564,F
Sidney,82946,M
Sienna,24145,F
Sierra,95961,F
Silas,43797,M
Silvia,19875,F
Simon,58675,M
Simone,25025,F
Skye,18673,F
Skyla,10986,F
Skylar,62412,F
Skylar,16954,M
Skyler,23032,F
Skyler,38303,M
Sloane,10001,F
Sofia,126222,F
Solomon,31982,M
Sondra,27053,F
Sonia,65126,F
Sonja,39002,F
Sonny,16576,M
Sonya,64916,F
Sophia,336037,F
Sophie,111017,F
Spencer,115978,M
Stacey,147247,F
Stacey,13883,M
Staci,25443,F
Stacie,38988,F
Stacy,162746,F
Stacy,22149,M
Stanley,298828,M
Stefan,19239,M
Stefanie,36929,F
Stella,169530,F
Stephan,26650,M
Stephanie,739285,F
Stephany,14682,F
Stephen,856765,M
Sterling,30881,M
Steve,240218,M
Steven,1280424,M
Stevie,12143,M
Stewart,30986,M
Stuart,68455,M
Sue,144465,F
Summer,76356,F
Susan,1121440,F
Susana,20285,F
Susanna,18602,F
Susanne,25997,F
Susie,84967,F
Suzanne,218824,F
Suzette,16672,F
Sybil,19312,F
Sydney,168319,F
Sylvester,42689,M
Sylvia,239120,F
Tabatha,19325,F
Tabitha,57800,F
Talia,25620,F
Talon,10334,M
Tamara,130345,F
Tameka,12727,F
Tamera,14090,F
Tami,37883,F
Tamia,11973,F
Tamika,22709,F
Tammi,13884,F
Tammie,35368,F
Tammy,331729,F
Tamra,13697,F
Tania,27895,F
Tanisha,19136,F
Tanner,90670,M
Tanya,116401,F
Tara,173845,F
Taryn,24902,F
Tasha,35401,F
Tate,17206,M
Tatiana,33179,F
Tatum,19317,F
Tatyana,10127,F
Tayler,10942,F
Taylor,317936,F
Taylor,109852,M
Teagan,19472,F
Ted,74811,M
Teddy,32092,M
Terence,33830,M
Teresa,413333,F
Teri,43909,F
Terra,14773,F
Terrance,68621,M
Terrell,35232,M
Terrence,71162,M
Terri,145863,F
Terrie,19709,F
Terry,96883,F
Terry,422580,M
Tess,13658,F
Tessa,47060,F
Tevin,11034,M
Thaddeus,23610,M
Thalia,12945,F
Thea,11835,F
Thelma,225232,F
Theo,11452,M
Theodore,236523,M
Theresa,403324,F
Therese,35057,F
Theron,12500,M
Thomas,2304948,M
Thurman,16332,M
Tia,32734,F
Tiana,26104,F
Tianna,12491,F
Tiara,23139,F
Tierra,14703,F
Tiffani,14856,F
Tiffany,336115,F
Tillie,14590,F
Tim,83034,M
Timmy,25564,M
Timothy,1068556,M
Tina,291435,F
Titus,19194,M
Tobias,19172,M
Toby,33189,M
Todd,281400,M
Tom,139231,M
Tomas,27777,M
Tommie,17362,F
Tommie,34160,M
Tommy,175783,M
Toni,99306,F
Tonia,22159,F
Tony,248496,M
Tonya,120301,F
Tori,35111,F
Trace,10972,M
Tracey,86403,F
Traci,52101,F
Tracie,32538,F
Tracy,250772,F
Tracy,61164,M
Travis,301265,M
Trent,49963,M
Trenton,55491,M
Trevon,13519,M
Trevor,156139,M
Trey,37356,M
Tricia,40058,F
Trina,32436,F
Trinity,75943,F
Trisha,39870,F
Trista,12392,F
Tristan,108964,M
Tristen,19737,M
Triston,11018,M
Troy,210669,M
Trudy,25422,F
Truman,14907,M
Tucker,39233,M
Twila,11676,F
Ty,44567,M
Tyler,16419,F
Tyler,584201,M
Tyra,14303,F
Tyree,13851,M
Tyrell,15150,M
Tyrone,78246,M
Tyson,41839,M
Ulises,10022,M
Ulysses,17224,M
Uriel,15995,M
Ursula,14575,F
Vada,10460,F
Valarie,18335,F
Valencia,10900,F
Valentina,33243,F
Valeria,64850,F
Valerie,257604,F
Van,27384,M
Vance,25177,M
Vanessa,252538,F
Vaughn,19919,M
Veda,11415,F
Velma,86602,F
Vera,138843,F
Vern,11462,M
Verna,68792,F
Vernon,145460,M
Veronica,217360,F
Vicente,18831,M
Vicki,153206,F
Vickie,109977,F
Vicky,53236,F
Victor,315431,M
Victoria,486583,F
Vida,10688,F
Vince,11685,M
Vincent,337626,M
Viola,131162,F
Violet,137149,F
Virgie,21790,F
Virgil,71204,M
Virginia,648386,F
Vito,14254,M
Vivian,204862,F
Viviana,20808,F
Vivienne,13611,F
Vonda,10310,F
Wade,68737,M
Walker,23679,M
Wallace,81335,M
Walter,620767,M
Wanda,281024,F
Ward,14683,M
Warren,175759,M
Waylon,20410,M
Wayne,352008,M
Weldon,13909,M
Wendell,53114,M
Wendi,14483,F
Wendy,260673,F
Wesley,212355,M
Weston,42649,M
Whitney,95545,F
Wilbert,39835,M
Wilbur,56641,M
Wilburn,10317,M
Wilda,12752,F
Wiley,17043,M
Wilford,10396,M
Wilfred,29197,M
Wilhelmina,12070,F
Will,44369,M
Willa,26342,F
Willard,77299,M
William,15949,F
William,4102604,M
Willie,146148,F
Willie,448702,M
Willis,51874,M
Willow,27552,F
Wilma,139751,F
Wilmer,15185,M
Wilson,45546,M
Winfred,10078,M
Winifred,43260,F
Winnie,23540,F
Winona,10964,F
Winston,26454,M
Woodrow,38386,M
Wyatt,147397,M
Xander,24905,M
Xavier,130244,M
Ximena,23571,F
Yadira,12420,F
Yahir,10135,M
Yasmin,19513,F
Yasmine,12467,F
Yesenia,38434,F
Yolanda,112374,F
Yvette,63061,F
Yvonne,155323,F
Zachariah,26728,M
Zachary,531709,M
Zachery,29377,M
Zackary,30238,M
Zackery,17333,M
Zander,19949,M
Zane,45363,M
Zara,10062,F
Zayden,16651,M
Zelda,13289,F
Zella,12216,F
Zelma,16712,F
Zion,26355,M
Zoe,121774,F
Zoey,77223,F
